"Niche","BusinessName","Rating","Reviews","HotLead_NeedsReviews","Phone","Website","Address","MapsLink"
"Roofers","MANGUESH PARAB & SONS","0","0","Yes (No Reviews)","072497 70802","N/A","halan wada, Hno 35, near shri krishna temple Ecoxim, Bardez, Panaji, Kudchaden, Goa 403101, India","https://www.google.com/maps/place/15.2200076,74.1230861"
"Plumbers","Quick plumber","3.6","15","Yes (Low Rating/Reviews)","087671 17553","N/A","villa no, co-operative society, Shah Harmony, D3, Merces, mollaca, Panaji, Goa 403005, India","https://www.google.com/maps/place/15.4779989,73.8516467"
"Nike store","NIKE","3.8","5","Yes (Low Rating/Reviews)","N/A","https://www.nike.com/in/","C223+GX3, Khadpabandh, Ponda, Goa 403401, India","https://www.google.com/maps/place/15.4012663,74.0049205"
"Bata store","Bata Shoe Store","3.8","1084","Yes (Low Rating/Reviews)","087881 50067","https://stores.bata.com/bata-shoes-sandals-store-in-pajifond-madgaon","No. 15/82, Elvina Building, Isidorio Baptista Rd, opp. IDBI Bank, Pajifond, Madgaon, Goa 403601, India","https://www.google.com/maps/place/15.2724607,73.9614586"
"Nike store","Nike","3.9","130","Yes (Low Rating/Reviews)","0832 226 6660","https://www.nike.com/in/","Shop No. G-1/G-2, Morod, Mapusa, Goa 403507, India","https://www.google.com/maps/place/15.585128,73.8118389"
"Auto Repair","Castrol Auto Service - Sandeep Auto Garage","3.9","146","Yes (Low Rating/Reviews)","075071 28191","https://www.castrolautoservice.in/castrol-auto-service-sandeep-auto-garage-vehicle-repair-saligao-north-goa-333969/Home?utm_source=locator&utm_medium=googleplaces","Ground Floor, near Calangute - Mapusa Road, Bardez, Nagva, Saligao, Goa 403516, India","https://www.google.com/maps/place/15.5569689,73.7748422"
"Bata store","Bata Shoe Store","3.9","299","Yes (Low Rating/Reviews)","087880 27024","https://stores.bata.com/bata-shoes-sandals-store-in-gogol-south-goa","Gogol Housing Board, Madgaon, Goa 403601, India","https://www.google.com/maps/place/15.2817433,73.98198219999999"
"Bata store","Bata Shoe Store","4.0","268","Yes (Low Rating/Reviews)","095941 66270","https://stores.bata.com/bata-shoes-sandals-store-in-vaddem-south-goa","No. 1, Damodar Chambers, Fr José Vaz Rd, near YES Bank, Vaddem, Vasco Da Gama, Goa 403802, India","https://www.google.com/maps/place/15.3969278,73.80943959999999"
"Bata store","Bata","4.1","574","Yes (Low Rating/Reviews)","098343 78391","https://www.bata.in/","6, Cozy Nook Municipal Building, 18th June Rd, Altinho, Panaji, Goa 403001, India","https://www.google.com/maps/place/15.4980491,73.82656159999999"
"Nike store","Nike Store","4.1","69","Yes (Low Rating/Reviews)","080091 90566","N/A","Ground Floor-8, Mall De Goa, Survey No 73/1, Nova Cidate Complex, NH 66, Porvorim, Goa Velha, Goa 403521, India","https://www.google.com/maps/place/15.525759,73.82704919999999"
"Roofers","SHREERAM MARKETING SERVICES | roof & steel supplier in Goa","4.1","19","Yes (Low Rating/Reviews)","094224 38929","N/A","Plot no 4/2, Panjim - Bambolim service road, 2nd underpass, near After, Cujira-Jin, Santa Cruz, Goa 403005, India","https://www.google.com/maps/place/15.4700163,73.8512995"
"Roofers","Shilsons Agencies - Cement, Roofing & Building Materials Provider in Goa, India","4.1","16","Yes (Low Rating/Reviews)","098222 68115","N/A","Shop No.7 & 8, Kossambe Building, behind Hotel La Paz Building, Vasco, Vaddem, Vasco Da Gama, Goa 403802, India","https://www.google.com/maps/place/15.3982945,73.81434589999999"
"Nike store","NIKE Margao, Goa","4.1","346","Yes (Low Rating/Reviews)","0832 270 1800","https://rjcorpretail.com/goa/","Chalta No. 147-152, Isidore, Isidorio Baptista Rd, opp. Big G, near Pajifond, Monte Hill, Madgaon, Goa 403601, India","https://www.google.com/maps/place/15.2723799,73.96266229999999"
"Restaurants","Fat Fish","4.1","34660","Yes (Low Rating/Reviews)","088061 77550","http://www.fatfishgoa.com/","Calangute - Arpora Rd, Agar Vaddo, Bardez, Khobra Waddo, Arpora, Calangute, Goa 403516, India","https://www.google.com/maps/place/15.55654,73.7636819"
"Bata store","Bata Shoe Store","4.1","219","Yes (Low Rating/Reviews)","083901 84456","https://stores.bata.com/bata-shoes-sandals-store-in-borden-north-goa","No. 06, Ahilya Building, near Max Showroom, Shantaram Nagar, Borden, Dicholi, Goa 403504, India","https://www.google.com/maps/place/15.5967533,73.94217739999999"
"Bata store","Bata Shoe Store","4.1","492","Yes (Low Rating/Reviews)","091685 20860","https://stores.bata.com/bata-shoes-sandals-store-in-khadpabandh-south-goa","G1-G1A, Vivek Building, No, Sadar Road, opp. SBI Bank, Sadar, Khadpabandh, Ponda, Goa 403401, India","https://www.google.com/maps/place/15.3984839,74.0033234"
"Bata store","Bata","4.1","1307","Yes (Low Rating/Reviews)","N/A","http://bata.in/","Shop No: 1 & 2 H.No. 817-C, Shrishti Building, Chogm Rd, Porvorim, Mapusa, Sangolda, Goa 403521, India","https://www.google.com/maps/place/15.5321296,73.8240836"
"Bata store","Bata Shoe Store","4.1","55","Yes (Low Rating/Reviews)","087881 52339","https://stores.bata.com/bata-shoes-sandals-store-in-siolim-siolim","No. 557/5-A, Main Road, near Shri Swami Samarth Temple, Siolim, Goa 403517, India","https://www.google.com/maps/place/15.6295862,73.7601813"
"Bata store","Bata Store","4.2","212","Yes (Low Rating/Reviews)","096373 47919","https://stores.bata.com/bata-shoes-sandals-store-in-morod-mapusa","No. 1/2, Khalap Building, Market Rd, opposite Municipal Market, Morod, Mapusa, Goa 403507, India","https://www.google.com/maps/place/15.589057,73.8127502"
"Restaurants","Fish ka Bar 'n' Restaurant","4.2","3380","Yes (Low Rating/Reviews)","096653 24240","N/A","Pockvaddo, Betalbatim, Goa 403713, India","https://www.google.com/maps/place/15.2989027,73.9189627"
"Bata store","Bata Shoe Store","4.2","262","Yes (Low Rating/Reviews)","095528 27608","https://stores.bata.com/bata-shoes-sandals-store-in-sanscar-society-madgaon","No. 1E&1F, Sitara Atrium, Main Road, Sanscar Society, Navelim, Madgaon, Goa 403601, India","https://www.google.com/maps/place/15.2619416,73.9631605"
"Bata store","Bata Shoe Store","4.3","26","Yes (Low Rating/Reviews)","095292 33945","https://stores.bata.com/bata-shoes-sandals-store-in-bepquegal-south-goa","H. No. 2338, Dr. Shantadas Palacio, S. No. 4, Main Road, near KTC Bus Stand, BEPQUEGAL, Vodlemol Cacora, Hodar, Goa 403706, India","https://www.google.com/maps/place/15.2607424,74.10656"
"Auto Repair","Car Care Automotive Goa","4.3","18","Yes (Low Rating/Reviews)","098608 30298","https://carcaregoa.in/","Shop no.- 78u, sh1, Upasnagar, NH14 highway, next to quenny hotel, near Kia Showroom, Sancoale, Consua, Goa 403726, India","https://www.google.com/maps/place/15.3721643,73.89194119999999"
"Auto Repair","National Garage auto repair","4.3","54","Yes (Low Rating/Reviews)","081739 02994","https://www.carnoscar.com/national-auto-repair.php","Anjuna Mapusa Rd, Ghateshwar Nagar, Khorlim, Mapusa, Anjuna, Goa 403509, India","https://www.google.com/maps/place/15.5850307,73.74573409999999"
"Plumbers","Plumbing A toZ","4.3","37","Yes (Low Rating/Reviews)","090111 77687","N/A","N/A","https://www.google.com/maps/place/15.6051783,73.8861754"
"Bata store","Bata Shoe Store","4.3","81","Yes (Low Rating/Reviews)","078758 66590","https://stores.bata.com/bata-shoes-sandals-store-in-sanscar-society-south-goa","No. 240, Katkar Building, Old Station Rd, Sanscar Society, Madgaon, Goa 403601, India","https://www.google.com/maps/place/15.269422,73.96215769999999"
"Dentists","Palolem Dental Clinic","4.4","48","Yes (Low Rating/Reviews)","092095 13972","http://www.goadentalclinics.com/","Palolem, Canacona, Goa 403702, India","https://www.google.com/maps/place/15.0110476,74.0258688"
"Roofers","Finishing Touch","4.5","40","Yes (Low Rating/Reviews)","095779 11911","http://www.finishingtouch.co.in/","Building No.B, Jairam Complex, G-1&2, Rua de Ourém, near Goa Handicraft, Neugi Nagar, Panaji, Goa 403001, India","https://www.google.com/maps/place/15.490566,73.83308939999999"
"Auto Repair","Hindustan auto care","4.6","39","Yes (Low Rating/Reviews)","075586 96454","N/A","near salunkhe complex, upper harvallem, Dongurvada, Harvale, Goa 403505, India","https://www.google.com/maps/place/15.5556026,74.0247593"
"Plumbers","G. K. Plumbing & pools","4.6","30","Yes (Low Rating/Reviews)","098505 98326","https://g-k-plumbing-pools.grexa.site/","Shop No 79, B, Jackny, near Ganpati Temple, Sateri Nagar Colony, Parra, Mapusa, Goa 403510, India","https://www.google.com/maps/place/15.5728035,73.7922296"
"Plumbers","Sakali Plumbing Service","4.6","11","Yes (Low Rating/Reviews)","091721 91675","https://wa.me/message/ITLRUDQCJJ3WH1","Gauliwaddo, Fatorda, Madgaon, Goa 403602, India","https://www.google.com/maps/place/15.2934647,73.9653715"
"Roofers","M/s.COMPANY 1317","4.7","19","Yes (Low Rating/Reviews)","095798 60709","N/A","333, near Carmelite Monastery, Aquem, Madgaon, Goa 403601, India","https://www.google.com/maps/place/15.2708349,73.96661209999999"
"Plumbers","Goa Electrician & Plumbing Service","4.7","30","Yes (Low Rating/Reviews)","N/A","N/A","Vaishay Building, Market Rd, Mapusa, Goa 403507, India","https://www.google.com/maps/place/15.5896036,73.8113127"
"Plumbers","Plumber I M D","4.7","15","Yes (Low Rating/Reviews)","091087 70021","N/A","H.N.261,Ekta Nagar, opp. Housing water tank, Bardez, Khorlim, Mapusa, Goa 403507, India","https://www.google.com/maps/place/15.6004401,73.805881"
"Plumbers","Flo Star plumbing service","4.8","4","Yes (Low Rating/Reviews)","077986 87294","http://aqip94.wixsite.com/flostar","Vathadev, Sarvan, Goa 403529, India","https://www.google.com/maps/place/15.5890333,73.96005079999999"
"Plumbers","Om Sai Plumbing Works","4.8","9","Yes (Low Rating/Reviews)","094033 69772","N/A","Shop 1 & 2, Mahadev Hardware, Near St. Anthony Chapel, Calangute, Goa 403516, India","https://www.google.com/maps/place/15.5366958,73.7640315"
"Plumbers","Vishal Plumbing Contractor","4.8","4","Yes (Low Rating/Reviews)","098238 46252","https://vishalplumbingcontractor.co.in/","House no. EHN, I-R-32, Raint Wado, Moide, Mapusa, Goa 403508, India","https://www.google.com/maps/place/15.5997266,73.8481017"
"Plumbers","Maak Elctrician&plumbing Service","4.8","21","Yes (Low Rating/Reviews)","081780 80910","N/A","HRM6+Q47, Morod, Ghateshwar Nagar, Sonar Vaddo, Mapusa, Goa 403507, India","https://www.google.com/maps/place/15.584425,73.810294"
"Auto Repair","CHARI AUTOMOBILES AND CAR TOWING SERVICE 24X7","4.8","34","Yes (Low Rating/Reviews)","075071 31161","N/A","Baherilwada Keri, near Hanuman tample, Bayalvada, Goa 403505, India","https://www.google.com/maps/place/15.6151278,74.06517629999999"
"Auto Repair","MAHALAXMI AUTOMOBILE CAR GARAGE","4.8","35","Yes (Low Rating/Reviews)","079726 90151","N/A","Magnavista Apartments, Filomena Housing Colony, Street-1, Lane-5, Cabesa Ward, Bambolim, Goa 403202, India","https://www.google.com/maps/place/15.4617388,73.8523507"
"Dentists","Kenkre Dental Care","4.8","40","Yes (Low Rating/Reviews)","098907 01377","N/A","1st Floor, Edcon Towers, F5, Ozari, Panaji, Goa 403001, India","https://www.google.com/maps/place/15.498001,73.8251071"
"Dentists","Goa Dental Studio","4.8","46","Yes (Low Rating/Reviews)","098909 37848","http://www.goadentalstudio.com/","186, Calangute Candolim Sinquerim Rd, Gauravaddo, Calangute, Goa 403515, India","https://www.google.com/maps/place/15.5301869,73.76432489999999"
"Roofers","Square Feet Goa","4.9","30","Yes (Low Rating/Reviews)","070666 21567","https://www.facebook.com/squarefeetgoa/","Bella Vista, Vaddo, Sangolda, Goa 403511, India","https://www.google.com/maps/place/15.5447453,73.8117149"
"Roofers","Skyline Roof & Co.","4.9","20","Yes (Low Rating/Reviews)","093222 20513","http://www.skylineroof.co/","S -1, Dominics Rivera, Porvorim, Sangolda, Goa 403511, India","https://www.google.com/maps/place/15.5453055,73.8146502"
"Roofers","Goa Roofing Contractors","4.9","25","Yes (Low Rating/Reviews)","092091 82242","https://www.goaroofingcontractors.in/","Maganlal Sadan, Dr Dada Vaidya Rd, Altinho, Panaji, Goa 403001, India","https://www.google.com/maps/place/15.4955351,73.8256334"
"Plumbers","Manoj plumbing service","4.9","26","Yes (Low Rating/Reviews)","081780 80910","N/A","Vaishay Building, Market Rd, Mapusa, Goa 403507, India","https://www.google.com/maps/place/15.5896034,73.8113127"
"Plumbers","Ramkeval Plumber Electrician Goa","4.9","45","Yes (Low Rating/Reviews)","095804 74969","https://plumberelectriciangoa.in/","N/A","https://www.google.com/maps/place/15.5937191,73.79104199999999"
"Auto Repair","Auto tech jaffer mechanic","4.9","30","Yes (Low Rating/Reviews)","091758 26835","https://www.vegoo.in/south-goa/margao/car-repair-service/auto-tech-jaffer-mechanic-khareband-near-abrar-masjid-margao-south-goa","Khareband, near Abrar masjid, Madgaon, Shirvodem, Goa 403601, India","https://www.google.com/maps/place/15.2666011,73.9573513"
"Auto Repair","NOOR AUTO REPAIR","4.9","18","Yes (Low Rating/Reviews)","072497 61763","https://www.instagram.com/princesohelsalmani07/profilecard/?igsh=MW1leDFyYzVpdG1ucw==","Sapna park, Betoda.road, Ponda – Curti Rd, Ponda, Goa 403401, India","https://www.google.com/maps/place/15.398994,74.0203137"
"Plumbers","Abhilash kalal plumbing service","4.9","39","Yes (Low Rating/Reviews)","079726 28339","N/A","Ganesh nagar gotnichowal, near Ganesh temple, colvale, Mapusa, Goa 403526, India","https://www.google.com/maps/place/15.6209301,73.8196861"
"Roofers","Tech Roof Technologies- Roofing Contractor","5.0","6","Yes (Low Rating/Reviews)","090213 79354","https://techrooftechnologies.com/","Buildmore Business Park, near mapusa police, Mapusa, Siolim, Goa 403517, India","https://www.google.com/maps/place/15.6282062,73.8066163"
"Roofers","Smart Build India","5.0","2","Yes (Low Rating/Reviews)","074987 70592","https://www.smartbuildindia.com/","office No.202, 2nd floor, Commerce centre, opp. SBI Agri Branch, Mapusa, Goa 403507, India","https://www.google.com/maps/place/15.5914326,73.81248889999999"
"Plumbers","Plumbing services","5.0","1","Yes (Low Rating/Reviews)","097304 97232","N/A","Dabolim, Vasco Da Gama, Goa 403802, India","https://www.google.com/maps/place/15.3970028,73.8258845"
"Roofers","Goa Major Fabrication Work","5.0","46","Yes (Low Rating/Reviews)","091305 62645","https://goa-major-fabrication.grexa.site/","Matton shop, Canca, Abaxio Vaddo, Parra, Mapusa, Goa 403510, India","https://www.google.com/maps/place/15.576,73.7962423"
"Roofers","Telhado roofing Tiles","5.0","4","Yes (Low Rating/Reviews)","090906 55959","http://telhado.in/","923/231, Defence Colony, Porvorim, Aradi Socorro, Goa 403521, India","https://www.google.com/maps/place/15.5388245,73.8315417"
"Roofers","Maxroof Corporation Pvt Ltd - Goa Office","5.0","7","Yes (Low Rating/Reviews)","084088 80099","http://www.maxroof.in/","Defence Colony, Porvorim, Salvador du Mundu, Goa 403521, India","https://www.google.com/maps/place/15.5358002,73.828029"
"Roofers","IG INFRA GOA","5.0","2","Yes (Low Rating/Reviews)","N/A","https://iginfrago.com/","N/A","https://www.google.com/maps/place/15.3497285,74.00641279999999"
"Roofers","Ekdant Trading Co.","5.0","4","Yes (Low Rating/Reviews)","075889 20202","N/A","Shop S-2, Sai Girija Complex, near Sai Baba Temple, Cunchelim, Mapusa, Goa 403526, India","https://www.google.com/maps/place/15.6165635,73.81935779999999"
"Plumbers","Yusuf Plumbing & Contractor","5.0","2","Yes (Low Rating/Reviews)","093252 90937","N/A","near Costa factory, Aquem, Madgaon, Goa 403601, India","https://www.google.com/maps/place/15.2704195,73.9704277"
"Plumbers","Hi teck plumber","5.0","7","Yes (Low Rating/Reviews)","086690 40473","N/A","St. Inez, Santa Inez, Panaji, Goa 403001, India","https://www.google.com/maps/place/15.4878192,73.8182471"
"Plumbers","S N plumbing","5.0","9","Yes (Low Rating/Reviews)","081150 07333","N/A","Room no 4, Third floor, Naroji wada, above Bandekar wine shop, Morjim, Goa 403512, India","https://www.google.com/maps/place/15.6277298,73.7440969"
"Nike store","Nike Store","4.4","467","No","0832 222 5327","https://www.nike.com/in/","Shop No. 12, 42/2 12/44 and 12/44/3, MG Road, next to Delhi Darbar, Opposite Azad Maidan, Panaji, Goa 403001, India","https://www.google.com/maps/place/15.5003201,73.8270402"
"Auto Repair","Motorsports Dada Garage 24 hours Car Mechanic in Margao","4.4","104","No","077448 23856","N/A","near Krishna mandir opp go Goa hotel besides Clark inn cosmique hotel, near Margao Flyover, Madgaon, Goa 403601, India","https://www.google.com/maps/place/15.2679314,73.9612495"
"Auto Repair","Marks Auto Care | Multi Brand Car Workshop","4.4","52","No","081092 49992","http://marksauto.in/","Panvel - Kochi - Kanyakumari Hwy, Panzorconi, Cuncolim, Goa 403715, India","https://www.google.com/maps/place/15.1991469,73.99594239999999"
"Restaurants","Waterfront Terrace & Bar","4.4","383","No","0832 665 6000","https://www.marriott.com/hotels/hotel-information/restaurant/goimc-goa-marriott-resort-and-spa/","64, Miramar, Panaji, Goa 403001, India","https://www.google.com/maps/place/15.488223,73.80991999999999"
"Restaurants","Martin's Corner","4.4","24498","No","0832 288 0061","https://martinscornergoa.com/","69, Binwaddo, Betalbatim, Goa 403713, India","https://www.google.com/maps/place/15.3037876,73.91430009999999"
"Restaurants","Peep Kitchen","4.4","5001","No","088061 80123","N/A","Risara Luxury , Ground Floor , Taliegao Market Road , Near Taliegao Near Taliegao Community Centre Taliegao, Panaji, Goa 403002, India","https://www.google.com/maps/place/15.4701468,73.8260554"
"Auto Repair","UNIQUE AUTO SERVICE","4.4","100","No","072186 39854","N/A","S 184 Sonar bhat Verem Reis Magos near Bamboo Motels, Betim–Verem–Saligao Rd, behind silverspoon Restaurent, Verem, Goa 403114, India","https://www.google.com/maps/place/15.5115308,73.8153483"
"Restaurants","Aangan Restaurant","4.5","2417","No","092093 37667","N/A","House no. 4/24, near Community Center, opp. St. Francis Xavier’s Chapel, Portais, Mala, Panaji, Goa 403001, India","https://www.google.com/maps/place/15.4873703,73.8315411"
"Restaurants","The Fishermans Wharf","4.5","16936","No","090110 18866","https://www.thefishermanswharf.in/","At The Riverside, Goa 403723, India","https://www.google.com/maps/place/15.1576183,73.95219089999999"
"Restaurants","FOLGA GOA","4.5","1737","No","070200 87668","N/A","Near, Western Byp Rd, Seraulim, Goa 403601, India","https://www.google.com/maps/place/15.2877812,73.9461417"
"Restaurants","Copperleaf Porvorim","4.5","11824","No","090750 18460","https://www.copperleafgoa.com/","Chogm Rd, SBI Colony, Alto Porvorim, Porvorim, Sangolda, Goa 403501, India","https://www.google.com/maps/place/15.5388808,73.8184801"
"Auto Repair","In & out auto repair","4.6","323","No","075076 43553","https://www.profile.justlocality.com/in-00000192/index.php","St. Inez, Electricity Colony, Altinho, Panaji, Goa 403002, India","https://www.google.com/maps/place/15.4866974,73.82094169999999"
"Restaurants","Bomras","4.6","3975","No","095032 98712","N/A","1152, opp. Our Lady Of Health Chapel, Mazal Waddo, Anjuna, Goa 403509, India","https://www.google.com/maps/place/15.5821923,73.7526178"
"Restaurants","Adlem Goi","4.6","8071","No","080808 28478","N/A","Dauji Road, next to Jamson Wines, Old Goa, Goa 403402, India","https://www.google.com/maps/place/15.5026227,73.91504499999999"
"Restaurants","Purple Martini","4.6","30433","No","087932 42210","https://www.mypurplemartini.co.in/","St. Anthony praise waddo, near club, nyex, Dmello Vaddo, Anjuna, Goa 403509, India","https://www.google.com/maps/place/15.5828464,73.73775739999999"
"Restaurants","YOU & ME MULTI CUISINE","4.6","1106","No","077982 07886","https://www.youandmegoa.com/","Rio Resort lane, Opposite Renton Manor Tambuki waddo, Arpora, Bardez, Arpora, Goa 403516, India","https://www.google.com/maps/place/15.5636916,73.7629321"
"Restaurants","The Black Sheep Bistro","4.6","8120","No","093250 23565","N/A","The Black Seep Bistro 1st Floor, Villa Braganca, Dr Braganza Pereira Rd, above Fab India Store, Panaji, Goa 403001, India","https://www.google.com/maps/place/15.4887729,73.81172769999999"
"Bata store","Bata Shoe Store","4.6","91","No","083907 89993","https://stores.bata.com/bata-shoes-sandals-store-in-calangute-calangute","A1/2, Dona Terezinha, No. A1/1, Aguada - Siolim Rd, beside Yes Bank, Calangute, Goa 403516, India","https://www.google.com/maps/place/15.5351904,73.7644854"
"Roofers","Goa Roofings","4.6","63","No","077220 10335","http://goaroofings.com/","Lamgaon, Dicholi, Goa 403504, India","https://www.google.com/maps/place/15.5896112,73.93837549999999"
"Restaurants","Treetop Tava","4.6","1550","No","077962 63782","N/A","The Bay, C/o, Bridge, near Salleri, Agonda, Goa 403702, India","https://www.google.com/maps/place/15.053883,73.9823432"
"Plumbers","Handyman service","4.7","60","No","074830 73064","https://www.profile.justlocality.com/han00000196/index.php","Vaidya Nagar, Bethora Industrial Estate, Betora, Ponda, Goa 403401, India","https://www.google.com/maps/place/15.3869015,74.0226905"
"Restaurants","Palms n Sands Beach Restobar Candolim","4.7","15318","No","098221 49629","https://palmsnsands.com/","Dando, Candolim, Bardez, Candolim, Goa 403515, India","https://www.google.com/maps/place/15.5049027,73.7671416"
"Bata store","Bata Shoe Store","4.7","90","No","080 6986 7306","https://stores.bata.com/bata-shoes-sandals-store-in-altinho-panaji","No. 7-8, Rebelo Building, MG Road, Opposite Azad Maidan, Altinho, Panaji, Goa 403001, India","https://www.google.com/maps/place/15.5004884,73.8272835"
"Plumbers","Debu Enterprises Plumbing Service Goa, core cutting service goa","4.7","72","No","095796 30675","https://www.instagram.com/debu_plumber?utm_source=ig_web_button_share_sheet&igsh=ZDNlZDc0MzIxNw==","Dulapi, Corlim, Old Goa, Goa 403110, India","https://www.google.com/maps/place/15.4979487,73.929053"
"Bata store","Bata Shoe Store","4.7","84","No","078758 66590","https://stores.bata.com/bata-shoes-sandals-store-in-taxi-stand-mapusa","No. 1&2, Ramachandra Building, Market Rd, opposite Municipal Market, Taxi Stand, Mapusa, Goa 403507, India","https://www.google.com/maps/place/15.5897424,73.8111682"
"Auto Repair","Anand auto Grage","4.7","95","No","080809 25884","http://www.anandautogarage.com/","Anand auto garage agrwada pernem Goa Agrwada, Goa, 403512, India","https://www.google.com/maps/place/15.6452236,73.76149079999999"
"Auto Repair","Sai Auto Works (Car Ac repair and service)","4.7","74","No","090216 54138","N/A","near Chowgule College, Gogol, Madgaon, Goa 403601, India","https://www.google.com/maps/place/15.2887071,73.9794059"
"Dentists","Dr. DMello's Smile Dental Clinic | Dentist in Baga, Goa","4.8","165","No","083100 90357","https://dr-dmellos-smile-dental.grexa.site/","Ground floor, Sun beam Apartments, Calangute - Baga Rd, opp. hotel saahil, Khobra Vaddo, Khobra Waddo, Baga, Calangute, Goa 403516, India","https://www.google.com/maps/place/15.5502507,73.7591796"
"Dentists","Smile Factory","4.8","146","No","098221 67433","https://www.smilefactory.in/","Fort Aguada Rd, next to Snip Salon & Spa, Calangute, Gauravaddo, Calangute, Goa 403515, India","https://www.google.com/maps/place/15.53206,73.7641007"
"Dentists","Goa Dental Solutions","4.8","194","No","0832 278 0700","http://www.goadentalsolutions.com/","Parish Hall Complex, near Our Lady of Merces Church, Fatona, Colva, Goa 403708, India","https://www.google.com/maps/place/15.2786792,73.922861"
"Restaurants","Mikey's Place Bar & Restaurant","4.8","19439","No","098221 37592","https://mikeysplace.in/","Aguada, Candolim Rd, Souza Vaddo, Candolim, Goa 403515, India","https://www.google.com/maps/place/15.5082232,73.7699449"
"Auto Repair","N H 21 Autoworks","4.8","173","No","099751 44908","https://www.facebook.com/nh21autoworks/","Bamborda Rd, near Verna Lake, Verna, Lotli, Goa 403722, India","https://www.google.com/maps/place/15.3418088,73.9352875"
"Roofers","Gonal Roofings","4.8","63","No","095612 34120","http://gonalroofings.in/","H.NO 1012 , Ambirna, Kamat Nagar, Sabnis Valley, Porvorim, Aradi Socorro, Goa 403501, India","https://www.google.com/maps/place/15.54581,73.825733"
"Plumbers","ARHAAN ENTERPRISES","4.8","116","No","099757 97367","N/A","Dona Paula Rd, Caranzalem, Panaji, Goa 403004, India","https://www.google.com/maps/place/15.4533886,73.8030572"
"Auto Repair","Castrol Auto Service - Arti Service Station","4.8","60","No","070204 24801","https://www.castrolautoservice.in/castrol-auto-service-arti-service-station-vehicle-repair-priol-ponda-320393/Home?utm_source=locator&utm_medium=googleplaces","H No 865, Farmagudi, Konem, 748, National Highway, Priol, Goa 403401, India","https://www.google.com/maps/place/15.4206464,73.9871252"
"Restaurants","Chef Soumyens Kitchen Restaurant &Bar","4.8","642","No","073875 20423","https://www.soumyenskitchenn.com/","1/285A,Louis Marino Gomes Road, opp. Jambleshwar Temple, Gauravaddo, Candolim, Goa 403515, India","https://www.google.com/maps/place/15.529804,73.765857"
"Restaurants","Maka Zai Goan Restaurant & Feni Cocktails","4.8","3818","No","090220 99693","N/A","House No, 1486, Bhattin, Bouta Waddo, Anjuna, Goa 403509, India","https://www.google.com/maps/place/15.5926798,73.759635"
"Dentists","STUDIO32 Dental Clinic - Best Dentist, Implantologist in Colva for Implants, Braces, Aligners, Invisalign, & More","4.9","559","No","098546 83232","https://www.studio32india.com/","1st Flr, Meera’s Prestige, Colva Beach Rd, next to Baskin Robbins, Fatona, Colva, Goa 403708, India","https://www.google.com/maps/place/15.2773289,73.9204936"
"Dentists","Dentistry Plus by Dr. Patil - MDS Specialist","4.9","370","No","099757 21475","http://www.dentistryplus.in/","Brahma Tower, Ground Floor, Near Hotel Neo Majestic Panaji, Highway, Alto- Betim Porvorim, Mapusa, Porvorim, Goa 403521, India","https://www.google.com/maps/place/15.5171806,73.83081"
"Roofers","SOHAIB STEEL","4.9","755","No","086687 65599","N/A","Shop No 296, Postwada, Honda, Satari, Goa 403530, India","https://www.google.com/maps/place/15.5447552,74.0558609"
"Dentists","Smile Care Goa - Best Dentist in Goa","4.9","143","No","091584 71797","http://www.doctorsmilegoa.com/","Everest ice-cream factory, C/o, Shivaji Nagar Bondbag, Bethora Industrial Estate, Betora, Ponda, Goa 403401, India","https://www.google.com/maps/place/15.3866211,74.01935379999999"
"Dentists","Goa Coastal Dental Care","4.9","200","No","086989 99198","https://www.instagram.com/royalprostheticdentistry?igsh=MWc3bTF4Y2p0Nm4yNQ==&utm_source=qr","near Rockys Insurance Services, nr. Broadway Classic Building, Agar Vaddo, Khobra Waddo, Calangute, Goa 403516, India","https://www.google.com/maps/place/15.5520987,73.7638415"
"Dentists","i-Smile Dental Clinic Goa","4.9","92","No","093226 47920","https://www.facebook.com/share/1EQH9Lp1Jc/","SH 5,Block3, Govind Apartments, Milroc Colina, opposite Old heritage hall, near Moms Recipes, Phase 1, Pilar, Goa Velha, Goa 403204, India","https://www.google.com/maps/place/15.4399712,73.9008411"
"Dentists","Smile Craft Goa - Orthodontist & Dentist in Margao","4.9","715","No","093098 96916","https://smilecraftgoa.com/","Shop No. 3, Bldg A, Kurtarkar Harmony, Borda, Madgaon, Goa 403601, India","https://www.google.com/maps/place/15.2834451,73.97083429999999"
"Roofers","CH Waterproofing And Civil Works","4.9","79","No","088056 98578","https://www.chwaterproofing.in/","Cabesa Road, Cabesa Ward, Santa Cruz, Goa 403005, India","https://www.google.com/maps/place/15.466743,73.85075479999999"
"Auto Repair","Faiz Auto Garage","4.9","140","No","082082 36318","http://faizautogarage.com/","Calangute - Mapusa Rd, Panaji, Calangute, Goa 403516, India","https://www.google.com/maps/place/15.540965,73.7683045"
"Restaurants","Pickled Mango","4.9","1204","No","N/A","N/A","Resort Rio Tambudki, Arpora, Goa 403516, India","https://www.google.com/maps/place/15.5652115,73.7590305"
"Auto Repair","Autocare Goa AC customs Workshop","4.9","271","No","080808 60702","N/A","Near O'papagaio Bar & Restaurant Cunchelim - sodiem road Sodiem siolim, Siolim, Goa 403507, India","https://www.google.com/maps/place/15.6171748,73.8028215"
"Dentists","Dr. Vipin Naik","4.9","78","No","N/A","https://drvipinvidyanandnaik.getmy.clinic/?utm_source=gmb&utm_medium=web&utm_campaign=tu","Bethora Industrial Estate, Betora, Goa 403409, India","https://www.google.com/maps/place/15.386613,74.0195602"
"Auto Repair","Shree Jyotirling Auto garage","4.9","241","No","076762 38623","https://www.carnoscar.com/shree-jyotirling-auto-garage.php","Calangute - Arpora Rd, near balli resort, Arpora, Goa 403516, India","https://www.google.com/maps/place/15.5675996,73.7641299"
"Dentists","Dr Hubert Gomes Dental Clinic","4.9","843","No","070834 35259","http://dentistingoa.com/","Second floor, Reliance House, Isidorio Baptista Rd, opposite IDBI Bank, near Bata Showroom, Pajifond, Madgaon, Goa 403601, India","https://www.google.com/maps/place/15.2723585,73.9617908"
"Roofers","Pradeep Gond Fabrication Work","4.9","101","No","070571 07811","http://pradeepgondfabrication.com/","Rukmani Niwas, Rawanfond Cir, Madgaon, Davorlim, Goa 403601, India","https://www.google.com/maps/place/15.2691269,73.9785825"
"Dentists","Perfect 32 Dental Clinic","4.9","77","No","087932 63363","https://rb.gy/39xvyb","Jasmin complex, V. N. Naik Rd, Chandrawado, Ambaji, Madgaon, Goa 403602, India","https://www.google.com/maps/place/15.2997511,73.9648376"
"Auto Repair","Ravi Car Garage","4.9","124","No","085528 74299","https://wa.me/918552874299","Chicalim church, igreja waddo, 232/2, near Chicalim, Panchayat, Mormugao, Chicalim, Bogmalo, Goa 403711, India","https://www.google.com/maps/place/15.3989926,73.8416982"
"Dentists","Pai Dental Clinic","5.0","401","No","093074 62659","http://paidentalclinic.com/","First floor, opposite Hotel Treehouse Neptune, Ozari, Panaji, Goa 403001, India","https://www.google.com/maps/place/15.4986816,73.8263303"
"Dentists","Smile Craft Goa - Dentist, Orthodontist in Panjim","5.0","102","No","089993 22176","http://smilecraftgoa.com/","G 11, Silvio heights, St Inez Rd, Santa Inez, Panaji, Goa 403001, India","https://www.google.com/maps/place/15.4890775,73.81899039999999"
"Dentists","Revive Face $ Dental Centre Goa - Panjim's Dentist, for Implants, Braces, Root Canal, Wisdom Tooth Removal, Aligner.","5.0","197","No","089288 55904","https://revive-face-dental.grexa.site/","Shop No: 108, First Floor, Gera Imperium Greens, next to Jairam Complex, Mala, Neugi Nagar, Panaji, Goa 403001, India","https://www.google.com/maps/place/15.4896961,73.83251369999999"
"Dentists","Dr. Mansingh Patil's Dental Practice","5.0","106","No","099220 32733","https://drmansinghpatil.com/","A1, Almita Complex, F1, High Street, next to Plantain Leaf Restaurant, Naika Vaddo, Calangute, Goa 403516, India","https://www.google.com/maps/place/15.5451931,73.7617772"
"Dentists","DENTISTRY CO. GOA","5.0","72","No","097396 12414","http://dentistryco.in/","Second Floor, Satt Adhar Basilios, S1, above Basilios Gym, Santa Inez, Panaji, Goa 403001, India","https://www.google.com/maps/place/15.4887383,73.8187362"
